x,t,psi_real,psi_imag
-4.0,0.0,0.000335,0.0
-3.5,0.0,0.002187,0.0
-3.0,0.0,0.011109,0.0
-2.5,0.0,0.043937,0.0
-2.0,0.0,0.135335,0.0
-1.5,0.0,0.324652,0.0
-1.0,0.0,0.606531,0.0
-0.5,0.0,0.882497,0.0
0.0,0.0,1.000000,0.0
0.5,0.0,0.882497,0.0
1.0,0.0,0.606531,0.0
1.5,0.0,0.324652,0.0
2.0,0.0,0.135335,0.0
2.5,0.0,0.043937,0.0
3.0,0.0,0.011109,0.0
3.5,0.0,0.002187,0.0
4.0,0.0,0.000335,0.0
