n_layers,32,64
2,1.362820713335223,1.419319245546434
3,1.274439792159636,0.6941980245385468
5,0.884319900197834,0.26584716889067395
