problem,E_pinn,E_exact,delta_E,rel_l2,l_inf,wall_s
QHO (n=0),0.5497567653656006,0.5,0.049756765365600586,0.11962624418022146,0.07391575143679338,2.08097505569458
QHO (n=1),1.5608372688293457,1.5,0.0608372688293457,0.13640909849268207,0.08296444998226876,2.0420918464660645
Anharmonic,0.5728223323822021,0.5375,0.03532233238220217,,,2.0910592079162598
Double Well,0.23769697546958923,,,,,2.140353202819824
