noise_amp,rel_l2
0.0,0.25653708490055693
0.05,0.2549759145460587
0.2,0.2503472777989766
