n,E_pinn,E_exact,delta_E,rel_l2,l_inf,sigma_x,sigma_p,sigma_x_sigma_p
0,0.5000152587890625,0.5,1.52587890625e-05,0.0015692666453643856,0.0012529088930223198,0.7078145957383882,0.7063442698068285,0.49996078378544734
1,1.5024336576461792,1.5,0.0024336576461791992,0.01174735567600886,0.008338697770770787,1.2279981223478624,1.2217172183299037,1.5002664501491751
2,2.5668461322784424,2.5,0.06684613227844238,0.0367156236704118,0.027702745761672753,1.6078304633532379,1.5564608050939337,2.502525097445333
3,3.4873270988464355,3.5,0.012672901153564453,1.0893618056180105,0.7229901012434163,1.1704507292961621,0.9324814391098288,1.091423580461234
