n_collocation,rel_l2_error
100,1.3981814714068321
200,1.3683386740627053
500,1.3607012983800943
1000,1.4226659007634803
