n_layers,n_params,rel_l2_error
2,2497,0.2624041481396944
3,4849,0.24481365201029687
4,7201,0.24776365714511375
5,9553,0.25122215154203315
6,11905,0.24514081954218614
