n_collocation,rel_l2_error
100,0.24794355212657654
200,0.2478307491014191
500,0.24776365714511375
1000,0.2477411785000694
2000,0.2477298056935305
