activation,rel_l2_error
tanh,0.2323275020613602
gelu,0.24297875376506922
silu,0.24405739788298036
