n_layers,n_params,rel_l2_error
2,1153,1.3459615169854664
3,2209,1.3573335412213907
4,3265,1.3607012983800943
5,4321,1.1333971281622797
