rel_l2,l2_abs,linf,energy_pred,energy_exact,energy_abs_error,fidelity,rayleigh_energy,rayleigh_gap
0.0015693362655738146,0.0015693362655738146,0.0012532226430221893,0.5000152587890625,0.5,1.52587890625e-05,0.9999975370605103,0.5000116598634058,3.5989256567114936e-06
