activation,rel_l2_error
tanh,1.0999690997232563
gelu,0.8090009515470038
silu,0.8467128810295617
