n,E_exact,rel_l2,l_inf,sigma_x,sigma_p,sigma_x_sigma_p
0,0.5,1.417702035121886,1.1783704956145615,1.250231330070439,1.2069420239303563,1.508956731896357
1,1.5,1.4122406944336636,1.170589074835408,0.94254712713354,0.5353360831922258,0.5045794872637542
2,2.5,1.42048309676082,1.0551735121075223,1.9653093800829704,1.8231714706800521,3.583095992827171
3,3.5,1.410027606539861,0.9580577725568225,1.2078911238091112,1.9992784031969126,2.4149106372448044
